customer_id,name,email,city,signup_date
1,Allen Mendoza,jacksonkristopher@example.com,Ahmedabad,2025-07-05
2,Denise Porter,taylor87@example.org,Pune,2025-04-25
3,Henry Pennington,dglass@example.com,Delhi,2025-11-28
4,Kayla Herrera,gregoryscott@example.net,Jaipur,2024-12-11
5,Richard Taylor,kingcaitlin@example.net,Mumbai,2024-06-01
6,Adam Hammond,smithtaylor@example.net,Bangalore,2024-03-12
7,Philip Chase,stephanie29@example.org,Bangalore,2024-05-11
8,Philip Benson,mark63@example.net,Kolkata,2026-02-14
9,Frank Hudson,etaylor@example.org,Ahmedabad,2024-01-01
10,Melissa Moon,cory32@example.net,Hyderabad,2024-11-18
11,Thomas Butler,dawsonsharon@example.org,Lucknow,2024-04-13
12,Jose Molina,randy36@example.org,Bangalore,2024-01-22
13,Brian Mann,richard99@example.org,Lucknow,2024-11-26
14,David Castaneda,wagnermary@example.com,Hyderabad,2024-02-26
15,Alexander Brown,lguzman@example.net,Kolkata,2024-03-07
16,Amy Smith,xkhan@example.com,Pune,2023-10-18
17,Victoria Johnson,timothy67@example.net,Kolkata,2024-11-12
18,Mr. Jeremy Klein DDS,kimberly00@example.org,Hyderabad,2025-05-04
19,Carol Johnson,jeffreywilliams@example.com,Kolkata,2024-03-02
20,Jason Brewer,shawnelliott@example.org,Chennai,2025-03-28
21,Debbie Pitts,gabrielabridges@example.net,Delhi,2025-12-19
22,Douglas Osborn,parkslauren@example.net,Bangalore,2024-11-05
23,Tina Barnett,ycox@example.com,Bangalore,2023-10-30
24,Victoria Duarte,smithbarbara@example.net,Ahmedabad,2026-02-13
25,Derrick Ryan,jean04@example.net,Ahmedabad,2023-07-29
26,Carlos Blanchard,hamiltonhunter@example.com,Bangalore,2025-04-09
27,Shawn Rocha,perezbradley@example.net,Hyderabad,2024-01-27
28,David Landry,markanderson@example.org,Chennai,2023-10-11
29,Phillip James,xgrimes@example.com,Lucknow,2023-12-16
30,Jennifer Mckinney,mark75@example.org,Delhi,2025-05-01
31,Jill Scott,jameshill@example.net,Chennai,2023-12-05
32,Melinda Kennedy,carolynrodriguez@example.com,Ahmedabad,2024-04-20
33,John Padilla,dylanjones@example.net,Hyderabad,2023-11-08
34,Alexis Robertson,nmiller@example.com,Bangalore,2024-07-12
35,Helen Casey,johnny13@example.org,Hyderabad,2024-11-11
36,Olivia Smith,davenportsteven@example.net,Chennai,2023-10-02
37,Kimberly Oliver,xfernandez@example.net,Hyderabad,2024-02-01
38,Robert Zimmerman,annhamilton@example.com,Delhi,2025-03-20
39,Joshua Watts,julieware@example.net,Delhi,2025-04-22
40,Helen Gonzales,cgonzales@example.net,Kolkata,2025-06-21
41,Jessica Herrera,valerie19@example.com,Chennai,2024-09-13
42,Angela Lopez,dmurphy@example.net,Hyderabad,2023-12-22
43,Daniel Ponce,yrivera@example.org,Hyderabad,2024-10-24
44,Mary Howell,brianoneal@example.org,Pune,2026-01-29
45,Holly Cooper,warmstrong@example.com,Lucknow,2026-01-13
46,Jessica Allen,nunezjasmine@example.net,Bangalore,2023-09-21
47,Justin Hatfield,joel26@example.net,Delhi,2025-12-19
48,Robert Wright,humphreysheila@example.net,Hyderabad,2023-04-06
49,Jessica Burns,alisonhill@example.org,Mumbai,2024-04-30
50,Travis Martinez,brandon60@example.org,Jaipur,2023-08-14
51,Antonio Cook,asawyer@example.net,Mumbai,2025-08-10
52,Roy Williams,angelacoleman@example.com,Delhi,2023-11-22
53,John Farmer,benjamin85@example.com,Bangalore,2023-04-20
54,Erika Hill,maxwellandrew@example.org,Hyderabad,2024-10-23
55,Michael Walker,todd36@example.org,Hyderabad,2024-07-04
56,Rebecca Simmons,pmcdaniel@example.com,Bangalore,2024-03-26
57,Casey Davidson,michellestewart@example.net,Delhi,2025-12-15
58,Anthony Velazquez,lunajacob@example.net,Hyderabad,2025-03-23
59,Jeffery Hubbard,richardvargas@example.com,Lucknow,2025-08-07
60,Shannon Smith,kellycruz@example.net,Mumbai,2023-05-16
61,Sean Duncan,zperez@example.org,Kolkata,2024-02-20
62,Deborah Garner MD,melissa18@example.com,Jaipur,2024-01-04
63,Rachel Lee,fmeza@example.com,Hyderabad,2025-06-27
64,James Williams,halerenee@example.com,Pune,2025-10-05
65,Thomas Boone,hernandezpatricia@example.org,Ahmedabad,2025-02-23
66,Rebecca Guerrero,qferguson@example.net,Lucknow,2025-09-15
67,Joshua Hardin,staceymontgomery@example.com,Hyderabad,2024-12-16
68,Kevin Travis,joshua48@example.com,Kolkata,2025-04-29
69,Ann Martinez,darryl51@example.org,Mumbai,2023-05-31
70,William Spence,stoneteresa@example.net,Pune,2023-06-26
71,Karen Nelson,qrose@example.org,Lucknow,2024-11-13
72,Scott Galvan,nathaniel11@example.com,Ahmedabad,2023-10-25
73,Amber Henderson,jesseanderson@example.org,Bangalore,2024-05-18
74,Cassandra Good,xjenkins@example.com,Kolkata,2023-12-20
75,Anthony Vega,ashley63@example.com,Hyderabad,2024-02-28
76,Jimmy Miranda,christopher17@example.com,Lucknow,2025-01-07
77,Mrs. Erin Ford DDS,ramirezjill@example.net,Delhi,2023-05-26
78,Rachel Mcgrath,michelleadams@example.com,Ahmedabad,2023-08-23
79,Stephanie Donaldson,raydavenport@example.org,Pune,2025-07-01
80,Samantha Jackson,zsloan@example.org,Lucknow,2024-04-17
81,Amanda Diaz,troykelly@example.org,Lucknow,2024-09-24
82,Jeffrey Powell,ashley35@example.net,Hyderabad,2024-11-12
83,Rachel Greene,stephen76@example.com,Kolkata,2023-04-17
84,Ashley Perez,hansentyler@example.net,Mumbai,2024-11-01
85,Dawn Scott,mking@example.com,Jaipur,2026-02-15
86,Nicole Martinez,samuel44@example.org,Chennai,2024-10-27
87,David Long,lindaniel@example.net,Jaipur,2025-01-20
88,Rodney Preston,lopezcrystal@example.com,Hyderabad,2023-06-04
89,John Campos,simmonsstephanie@example.com,Delhi,2025-05-28
90,Michelle Turner,heather61@example.com,Lucknow,2024-10-14
91,Laura Anderson,marymccullough@example.net,Kolkata,2023-09-11
92,Wendy Clay,erikwood@example.com,Jaipur,2025-11-23
93,Patrick Paul,smithduane@example.org,Kolkata,2025-05-07
94,Robert Campbell,kennedyscott@example.com,Hyderabad,2024-06-22
95,Stephanie Farmer,bgill@example.net,Ahmedabad,2025-11-20
96,David Thomas,combscharles@example.net,Hyderabad,2025-02-27
97,Frank Estes,tracyfisher@example.net,Chennai,2023-04-01
98,Larry Walker,turnerandrea@example.net,Delhi,2024-02-16
99,Stephen Reese,fischerpatricia@example.com,Chennai,2023-07-01
100,Angela Nash,scollins@example.org,Pune,2023-06-29
101,Douglas Quinn,martinezmatthew@example.com,Bangalore,2025-03-30
102,Terri Stevenson,madeline35@example.org,Kolkata,2025-10-22
103,James Owens,jessicapayne@example.com,Pune,2024-08-08
104,Stephanie Olson,alanwalter@example.net,Jaipur,2025-07-15
105,Jessica Romero,lsmith@example.net,Mumbai,2024-06-03
106,Glenda Alvarez,juarezvicki@example.com,Chennai,2024-09-12
107,Angela Ford,kstanton@example.org,Kolkata,2024-05-09
108,Alicia Mora,karenrogers@example.net,Ahmedabad,2026-02-16
109,Steven Roman,christopherlopez@example.org,Kolkata,2025-01-01
110,Cole Wagner,mendezsamantha@example.com,Pune,2023-12-03
111,Susan Evans,sanchezlogan@example.com,Mumbai,2024-12-25
112,Adam Becker,robinsonkara@example.net,Lucknow,2024-09-01
113,Justin Martin,benjaminlisa@example.net,Kolkata,2024-05-14
114,Lisa Barrera,taylorlozano@example.net,Kolkata,2024-08-07
115,Jose Roy,williamlara@example.com,Kolkata,2025-02-01
116,Daniel Flores,carolynfarley@example.net,Delhi,2023-03-21
117,James Hughes,brianmeadows@example.org,Pune,2024-07-19
118,Dustin Haas,lewisadam@example.com,Bangalore,2023-07-12
119,Todd Aguilar,phall@example.com,Ahmedabad,2026-01-05
120,Rachel Bell,rwhite@example.net,Chennai,2026-02-23
121,Kristina Wiggins,michael96@example.net,Mumbai,2023-10-03
122,Hannah Davis,rogerschelsea@example.net,Jaipur,2024-07-18
123,Kevin Harris,rbrown@example.com,Mumbai,2023-12-12
124,Allen Wells Jr.,goodwindevin@example.org,Delhi,2023-10-12
125,Nicole Moore,sanchezjon@example.com,Ahmedabad,2023-05-27
126,Erica Brown,keithfuller@example.net,Lucknow,2024-07-10
127,Clarence White,katherine39@example.org,Chennai,2024-03-11
128,Cynthia Hill,megan59@example.com,Kolkata,2023-03-20
129,Amber Patterson,palmertravis@example.org,Pune,2023-04-10
130,Melissa Nash,joel63@example.net,Delhi,2025-10-13
131,Karen Bennett,gibbssabrina@example.org,Mumbai,2025-04-16
132,Crystal Evans,kyates@example.net,Mumbai,2026-01-06
133,Michele Reid,ymartinez@example.com,Bangalore,2024-08-04
134,Scott Reed,jose45@example.net,Bangalore,2025-01-26
135,Steven Hood MD,laura46@example.net,Mumbai,2024-10-14
136,Kyle Roberts,tmoore@example.com,Hyderabad,2023-08-07
137,Jason Miller,colemandebra@example.net,Kolkata,2025-09-20
138,Manuel Lee,meganweeks@example.net,Ahmedabad,2023-12-20
139,Billy Ford,lwinters@example.net,Ahmedabad,2025-08-19
140,James Davis,darryl40@example.com,Bangalore,2025-10-23
141,Jennifer Mckay,vazquezashley@example.org,Delhi,2025-12-07
142,Aaron Rivers,hawkinsautumn@example.org,Ahmedabad,2024-04-09
143,Craig Webb,holmeskaylee@example.org,Bangalore,2024-12-30
144,Trevor Cowan,qbartlett@example.com,Lucknow,2024-10-12
145,Mr. Jeffrey Mcgrath,justin62@example.com,Mumbai,2024-04-09
146,Michelle Shaw,aaronwood@example.net,Hyderabad,2024-09-26
147,Catherine Miller,sierra47@example.net,Bangalore,2024-12-05
148,Andrew Kennedy,lrichardson@example.net,Kolkata,2024-01-27
149,Lisa Wyatt,kayla68@example.net,Ahmedabad,2024-10-06
150,Courtney Barnes,angelacastillo@example.com,Ahmedabad,2023-10-22
151,Maureen Underwood DDS,esmith@example.net,Hyderabad,2023-09-17
152,Steven Pena,ghood@example.org,Delhi,2023-07-08
153,Carlos Clayton,wayne91@example.net,Hyderabad,2025-10-15
154,Tanya Johnson,lauracollins@example.net,Lucknow,2025-08-09
155,Gloria Morgan,katherine07@example.net,Kolkata,2024-08-10
156,Jessica Johnson,tkline@example.org,Hyderabad,2025-09-14
157,Morgan Villarreal,cruzsamuel@example.org,Lucknow,2024-10-03
158,Marcia Griffin,cjohnson@example.org,Chennai,2025-04-14
159,Richard Griffin,herreratimothy@example.net,Kolkata,2023-12-28
160,Randall Hernandez,hhanson@example.com,Jaipur,2023-10-08
161,Stacy Ruiz,jason58@example.org,Chennai,2026-02-17
162,Kathryn Davenport,walterterry@example.net,Jaipur,2025-07-23
163,Lori Davis,trogers@example.org,Ahmedabad,2025-05-28
164,Trevor Boyd,fgriffin@example.org,Kolkata,2024-04-10
165,Steven Krause,rpace@example.net,Chennai,2025-03-04
166,Shane Carson,kellybrandon@example.org,Mumbai,2024-09-01
167,Richard Ward,danny74@example.org,Bangalore,2025-01-10
168,Dustin Hodge,udunlap@example.net,Mumbai,2023-03-24
169,Phyllis Pierce,emilypayne@example.org,Hyderabad,2024-04-06
170,Nicholas Phillips,dawsondavid@example.com,Chennai,2025-02-19
171,Hayley Wade,johnsonlori@example.com,Lucknow,2024-08-12
172,Rebecca Ramos,barbara23@example.com,Kolkata,2026-01-24
173,Renee Taylor,heather91@example.org,Bangalore,2025-01-14
174,Tyler Rosario,vernonharris@example.net,Bangalore,2025-08-31
175,Kenneth Mendoza,susan72@example.org,Chennai,2024-11-25
176,Christopher Hatfield,shelbydrake@example.com,Kolkata,2023-09-10
177,Kelly Cardenas,ericjones@example.org,Hyderabad,2023-09-10
178,Dr. Belinda Watson,jamieharris@example.net,Pune,2023-12-05
179,Jared Brady,sanchezkelly@example.org,Hyderabad,2024-11-27
180,Stephen Hernandez,jerry01@example.net,Pune,2025-04-12
181,Tracy Ward,jason35@example.org,Jaipur,2024-10-16
182,Michael Williams,eorr@example.org,Jaipur,2025-07-18
183,Justin Flores,jharris@example.com,Bangalore,2024-02-29
184,Erin Martin,nguyenisabel@example.net,Hyderabad,2026-02-02
185,Erin White,michaelmorton@example.org,Lucknow,2024-12-06
186,Belinda Howard,moorekaylee@example.org,Chennai,2024-08-14
187,Matthew Sparks,thomas46@example.org,Hyderabad,2023-09-04
188,Kara Carpenter,smithbrittany@example.net,Kolkata,2026-02-13
189,Mark Miller,cookcolleen@example.com,Delhi,2025-08-14
190,David Gray,lauriemartin@example.com,Chennai,2025-09-17
191,Mr. Michael Blankenship PhD,kwalker@example.com,Delhi,2024-05-19
192,Robert Mendez,hansengregg@example.com,Ahmedabad,2025-11-25
193,Rachel Taylor,lauren01@example.com,Bangalore,2024-06-16
194,Brandon Combs,tamaragreen@example.com,Pune,2024-03-13
195,Hannah King,jbennett@example.org,Chennai,2024-12-09
196,Yvonne Aguilar,ioconnell@example.net,Chennai,2023-08-19
197,Dr. Jose Mullins,pamelasanchez@example.org,Ahmedabad,2023-06-24
198,Kevin Lewis,timothy90@example.net,Jaipur,2023-11-14
199,Deborah Medina,xpatterson@example.org,Pune,2025-07-23
200,Bethany Lopez,angelapatton@example.com,Delhi,2025-11-30
201,Donald Ponce,jbrown@example.net,Kolkata,2025-10-08
202,Christopher Baker,stephanie99@example.net,Pune,2024-12-22
203,Richard Paul,barbarafoster@example.com,Lucknow,2024-09-27
204,Megan Thomas,duncangregory@example.net,Mumbai,2024-01-31
205,Ashley Garcia,mitchellelizabeth@example.org,Kolkata,2025-06-10
206,Alison Guerrero,heatherwhite@example.net,Delhi,2024-02-25
207,Luis Wall,thompsonronald@example.com,Kolkata,2023-05-02
208,Michael Gutierrez,dkrueger@example.com,Delhi,2023-09-27
209,Martha Fitzgerald,alifrank@example.org,Pune,2024-03-07
210,Amanda Lamb,colemanstephen@example.com,Hyderabad,2023-04-28
211,Christopher Barnes,belldaniel@example.net,Delhi,2024-04-29
212,Jacqueline West,sherry97@example.org,Hyderabad,2023-09-07
213,John Edwards,tfoster@example.org,Chennai,2023-11-16
214,Sharon Shaw,joycedawson@example.com,Mumbai,2023-10-14
215,Brent Robertson,gutierreztoni@example.org,Hyderabad,2025-08-29
216,Robert Davis,garnold@example.net,Kolkata,2025-11-15
217,Margaret Maxwell,usalazar@example.org,Chennai,2023-05-08
218,Samantha Page,rvelasquez@example.org,Mumbai,2023-10-26
219,Scott Underwood,romerobrandon@example.net,Jaipur,2024-12-12
220,Dana Wall,dawn24@example.org,Hyderabad,2024-10-04
221,Sarah Macdonald,crystalschultz@example.com,Kolkata,2024-05-21
222,Linda Hall,fstephenson@example.com,Mumbai,2023-10-06
223,Beverly Salazar,brendalane@example.net,Mumbai,2024-10-10
224,James Mann,johnsonpriscilla@example.com,Lucknow,2025-10-05
225,Rachel Romero,whitebrandon@example.com,Delhi,2024-10-25
226,Brenda Stephenson,emartinez@example.net,Chennai,2025-01-21
227,Sarah Sanchez,alicia56@example.org,Hyderabad,2025-06-18
228,Anna Griffin,donna85@example.com,Ahmedabad,2023-05-09
229,Justin Crawford,campbelldana@example.com,Pune,2023-04-17
230,John Curtis,larry40@example.com,Ahmedabad,2025-07-11
231,Kimberly Adams,guerrerocindy@example.com,Pune,2024-10-04
232,James Lopez,fgomez@example.org,Mumbai,2025-08-17
233,Craig Smith,kevin96@example.net,Kolkata,2025-01-20
234,Roger Acosta,jilliansmith@example.org,Jaipur,2023-07-06
235,Lauren Butler,joshuakim@example.net,Lucknow,2023-08-26
236,Jason Hill MD,norrisrichard@example.net,Bangalore,2025-05-05
237,Barbara Lee,james68@example.com,Chennai,2023-04-01
238,Jacqueline Lindsey,ctodd@example.org,Mumbai,2025-07-21
239,Craig Holt,kevin00@example.net,Chennai,2025-12-23
240,Justin Smith,ashleytownsend@example.org,Mumbai,2025-12-20
241,Wayne Torres,xwalker@example.org,Bangalore,2026-01-04
242,Jordan Hill,uwalker@example.org,Mumbai,2024-09-10
243,Jacqueline Mcdonald,yjohnson@example.net,Bangalore,2025-02-25
244,Nicole Rodriguez,erik43@example.org,Hyderabad,2023-10-27
245,Angela Robbins,alicia61@example.org,Chennai,2025-11-23
246,Amanda White,deborah85@example.net,Kolkata,2023-07-27
247,Dana Harris,uhiggins@example.net,Jaipur,2024-04-23
248,Ryan Hill,jason02@example.org,Hyderabad,2023-09-27
249,James Johnson,acarney@example.org,Lucknow,2024-07-11
250,Patrick Camacho,mitchellshane@example.com,Pune,2023-09-06
251,Erin Gregory,wvalentine@example.com,Lucknow,2023-11-14
252,Garrett Miller,seanrosario@example.org,Delhi,2026-01-28
253,Jeremy Smith,tammy55@example.org,Pune,2024-11-18
254,Juan Moore,browncody@example.org,Chennai,2023-05-15
255,Bradley Preston,kimberly31@example.org,Mumbai,2023-09-30
256,Catherine Montoya,jonesjaclyn@example.org,Jaipur,2025-05-18
257,Amanda Miller,monicaroberts@example.org,Mumbai,2024-03-01
258,Stephen Wright,joshuaboyd@example.org,Pune,2025-11-16
259,Anthony Webb,swhite@example.com,Bangalore,2025-12-02
260,Tamara Chandler,anthony74@example.com,Lucknow,2023-11-08
261,Ronald Russell,barrerajames@example.net,Kolkata,2024-03-09
262,Karen Price,staciejones@example.org,Lucknow,2026-01-29
263,Monica Stewart,smithstephanie@example.com,Pune,2025-02-03
264,Jesse Collier,gcarter@example.com,Chennai,2023-06-04
265,Tommy Reynolds,scottsteven@example.net,Mumbai,2024-07-14
266,Rebecca Patterson,sreynolds@example.com,Hyderabad,2023-03-28
267,Sheila Mendoza,xgreene@example.net,Pune,2026-02-02
268,Kathy Ochoa,robinbaird@example.org,Ahmedabad,2024-09-05
269,Douglas Martin,fred77@example.org,Pune,2024-05-08
270,Randall Sweeney,diane70@example.net,Delhi,2024-10-24
271,Becky Thompson,rjohnson@example.net,Delhi,2026-01-07
272,Shannon Brown,dixonjustin@example.com,Kolkata,2023-05-26
273,Douglas Romero,jennifer81@example.org,Bangalore,2024-04-20
274,Vicki Higgins,jacqueline06@example.org,Jaipur,2025-05-20
275,Tonya Green,nicholas61@example.com,Delhi,2023-12-12
276,Christine Lyons,edennis@example.net,Pune,2024-06-18
277,John Underwood,williamssamuel@example.net,Mumbai,2025-09-19
278,Anthony Brown,nathanmarquez@example.net,Pune,2025-12-22
279,William Welch,william52@example.com,Hyderabad,2025-03-27
280,Stephanie Fischer,younglaura@example.org,Ahmedabad,2025-05-27
281,Jason Yu,john06@example.org,Bangalore,2024-03-11
282,John Francis,teresagallegos@example.com,Kolkata,2023-10-19
283,Kristopher Weaver,patriciareynolds@example.com,Delhi,2025-07-28
284,Charles Dominguez,shannon05@example.org,Kolkata,2024-08-24
285,Eric Price,marshellen@example.net,Jaipur,2025-10-30
286,Donald Gomez,mclaughlincrystal@example.org,Delhi,2025-01-16
287,Christopher Johnston,belindaespinoza@example.com,Kolkata,2023-09-04
288,Charles Bennett,martinchristina@example.org,Kolkata,2025-12-26
289,Jason Williams,nicole13@example.org,Mumbai,2024-12-09
290,Christine Martin,qfrazier@example.org,Pune,2025-12-27
291,Kayla Lopez,donna18@example.org,Delhi,2023-11-26
292,Robert Cross,shermanjoe@example.org,Delhi,2025-03-22
293,Nicholas Byrd,vthomas@example.com,Kolkata,2025-01-10
294,Amanda Hill,andrewkey@example.org,Chennai,2023-07-21
295,Kyle Wilson,swalker@example.org,Ahmedabad,2023-03-18
296,William Tucker,boonerobert@example.com,Kolkata,2024-01-10
297,Julian Larson,scottmacdonald@example.net,Pune,2023-04-30
298,Timothy Barton,sydneyfisher@example.com,Lucknow,2023-05-13
299,Ryan Warner,youngtracey@example.com,Mumbai,2024-06-20
300,Brittany Cline,colemansierra@example.com,Jaipur,2024-11-29
301,Danielle Smith,lauriewalker@example.org,Pune,2024-11-29
302,Jill George,carriesmith@example.net,Pune,2024-07-22
303,Deanna Warren,willie97@example.org,Bangalore,2025-06-05
304,Erica Lewis,qschultz@example.org,Delhi,2023-05-16
305,Karen Short,nicholasrangel@example.com,Kolkata,2025-09-13
306,Linda Johnston,marciamurphy@example.com,Hyderabad,2023-12-04
307,James Campos,thomas20@example.org,Bangalore,2025-01-30
308,Derek Solomon,bethanydodson@example.org,Chennai,2023-11-19
309,Laurie Johnson MD,kelly74@example.net,Mumbai,2026-02-05
310,Steven Stanley,vterry@example.org,Lucknow,2024-04-26
311,Brandon Zimmerman,brandon32@example.com,Bangalore,2025-04-23
312,Nicholas Pacheco,joel13@example.net,Kolkata,2025-11-20
313,Diane Moreno,wadams@example.net,Chennai,2025-05-07
314,Kevin Wilson,groberson@example.org,Hyderabad,2024-11-23
315,Bonnie Carr,swarren@example.org,Mumbai,2025-05-12
316,Briana Powell,ychavez@example.org,Lucknow,2023-04-09
317,Julie Sharp,rphelps@example.com,Bangalore,2023-03-21
318,James Peterson,ashleyshannon@example.org,Pune,2025-01-07
319,Kimberly White,smithzachary@example.net,Jaipur,2026-01-23
320,David Payne,marquezbradley@example.org,Chennai,2023-08-05
321,Joseph Winters,keith61@example.org,Mumbai,2025-03-28
322,Adam Villarreal,fritzfrank@example.com,Pune,2025-08-07
323,Roger Anderson,delacruzheidi@example.com,Jaipur,2025-08-19
324,William Hughes,shannon63@example.net,Pune,2025-08-10
325,Anthony Warren,kgay@example.com,Delhi,2025-08-28
326,John Davis,william54@example.com,Bangalore,2026-01-29
327,Wendy Pierce,ashley27@example.com,Ahmedabad,2023-03-22
328,Matthew Davis,cameronjoel@example.com,Bangalore,2024-12-30
329,Kim Miller,kirkjoe@example.org,Kolkata,2024-01-02
330,Robert Brown,steelemichelle@example.org,Ahmedabad,2025-06-21
331,Daniel Murphy,ccarter@example.org,Lucknow,2025-12-17
332,Gregory Vang,bonniedavis@example.net,Lucknow,2025-12-03
333,Margaret Lowe,christopher56@example.net,Delhi,2025-10-19
334,Craig Thomas,nmclaughlin@example.net,Pune,2026-01-20
335,Samantha Mills,jeremyjones@example.net,Pune,2023-07-17
336,Loretta Berry,josetorres@example.org,Mumbai,2024-12-10
337,Sara Miller,shannonclark@example.net,Jaipur,2023-03-27
338,Elizabeth Cochran,silvabryce@example.net,Chennai,2025-06-29
339,Mary Houston,margaret95@example.org,Ahmedabad,2023-07-20
340,Kelly Richardson,cookjim@example.net,Lucknow,2024-05-12
341,Kelsey Mcmahon,romerojason@example.net,Kolkata,2025-12-06
342,Alyssa Walker,warneramber@example.org,Jaipur,2024-02-02
343,Jessica Holmes,qmendez@example.com,Kolkata,2023-07-09
344,Ryan Mann,btaylor@example.com,Chennai,2025-03-16
345,Timothy Kirk,gonzaleslisa@example.net,Hyderabad,2025-06-08
346,Beth Kane,natasha46@example.org,Hyderabad,2025-05-21
347,Joseph Vaughn,stacey41@example.net,Delhi,2023-06-09
348,Glen Fisher,jsmith@example.com,Kolkata,2024-05-07
349,Larry Campbell,ulawrence@example.org,Bangalore,2024-09-22
350,Stephen Chase,ncampbell@example.net,Chennai,2024-02-27
351,Kristen Myers,jaredlamb@example.net,Mumbai,2024-02-19
352,Sean Peterson,benjamin50@example.org,Mumbai,2025-10-02
353,Stacey Ray,rhodesjesse@example.org,Delhi,2024-01-10
354,Mr. Patrick Schwartz,juan50@example.org,Mumbai,2023-11-22
355,Stephanie Brady,richardrobertson@example.org,Hyderabad,2023-05-27
356,Zachary Marks,johnsonsabrina@example.com,Jaipur,2025-06-12
357,Steven Carr,catherine11@example.net,Hyderabad,2024-11-30
358,Daisy Martinez,thomasprice@example.org,Delhi,2023-11-08
359,Kelly Sellers,valdezcatherine@example.com,Mumbai,2026-01-06
360,Carrie Barrett,elizabethobrien@example.net,Jaipur,2025-07-13
361,Paula Rice,nswanson@example.org,Mumbai,2023-10-24
362,Phillip Blevins,fward@example.net,Pune,2024-04-28
363,Timothy Martin,sandra34@example.com,Mumbai,2023-04-26
364,Paul Mcgrath,ana78@example.org,Mumbai,2024-05-15
365,Michele Krueger,drobbins@example.org,Kolkata,2023-06-14
366,Jorge Williams MD,walkermary@example.com,Kolkata,2024-02-28
367,Christine Barrera,christine32@example.net,Lucknow,2025-09-10
368,Kevin Carter,chavezmichael@example.net,Hyderabad,2024-07-15
369,Anne Johnson,rbush@example.org,Jaipur,2025-07-10
370,Kyle Jones,katherinebridges@example.org,Lucknow,2024-08-25
371,Mary Wall,qrivera@example.org,Pune,2025-03-27
372,Richard Garrett,matthewhamilton@example.net,Mumbai,2024-12-08
373,Sandra Lambert,andersonsamantha@example.com,Delhi,2024-08-29
374,Diane Lewis,shanescott@example.net,Chennai,2025-02-04
375,David Harris,mmartin@example.org,Delhi,2025-11-09
376,Laura Hughes,keithday@example.com,Hyderabad,2025-06-13
377,Robert Sanchez,jaredmoore@example.com,Delhi,2024-06-26
378,Kelly Scott,brownjennifer@example.org,Mumbai,2024-11-21
379,Eduardo Richardson,robertsjohn@example.com,Mumbai,2025-11-23
380,Mario King,archerbilly@example.net,Kolkata,2024-10-25
381,Cynthia Rodriguez,tammy69@example.org,Pune,2025-02-20
382,Lori Myers,hrogers@example.org,Jaipur,2023-12-11
383,Nathan Decker,jaredlee@example.com,Pune,2025-01-21
384,Amy Carter,john19@example.org,Kolkata,2023-04-28
385,Judith Davis,kimberly97@example.net,Hyderabad,2024-06-29
386,Timothy Hudson,michaeljohnson@example.org,Chennai,2024-08-08
387,Keith Sawyer,fthompson@example.net,Mumbai,2025-08-12
388,Chris Hamilton,taylorwhite@example.net,Ahmedabad,2024-12-21
389,Joseph Lawson,randallballard@example.net,Kolkata,2025-11-25
390,Thomas Davenport,michael56@example.org,Kolkata,2026-03-04
391,Omar Browning,owilson@example.net,Bangalore,2024-09-09
392,Colin Holland,xlara@example.com,Ahmedabad,2023-04-27
393,Susan Lloyd,burnettamber@example.com,Chennai,2025-08-06
394,Alan Hernandez,emckinney@example.com,Lucknow,2025-08-10
395,Melissa Lopez,pauldixon@example.org,Ahmedabad,2025-04-30
396,Frances Johnson,csimmons@example.org,Jaipur,2025-11-09
397,Alan Johnson,fjones@example.net,Lucknow,2023-12-26
398,Ronald Johnston,ythomas@example.org,Ahmedabad,2024-11-11
399,Daniel Melendez,benjaminjones@example.com,Lucknow,2024-01-02
400,Jeffrey Ross,jonathan45@example.org,Hyderabad,2025-04-18
401,Ralph Smith,kim87@example.com,Delhi,2023-09-07
402,Samantha Taylor,jason63@example.com,Ahmedabad,2024-03-21
403,Matthew Nielsen,rwebb@example.net,Delhi,2023-10-27
404,Beth Harvey,bvillegas@example.net,Lucknow,2025-10-21
405,Jessica Nelson,tiffanyrivera@example.com,Ahmedabad,2025-12-17
406,Andrew Taylor,ydavis@example.com,Jaipur,2024-08-05
407,Natasha Fitzpatrick MD,zmartin@example.org,Jaipur,2023-12-07
408,Jill Harris,warnerdenise@example.net,Jaipur,2024-12-05
409,Anthony Ramirez,becky95@example.net,Kolkata,2025-09-22
410,Patricia Wall,ryan72@example.net,Chennai,2024-02-22
411,Dr. Amy Potter,smithjonathan@example.org,Kolkata,2023-08-08
412,Bobby Rodriguez,drakechristopher@example.org,Kolkata,2025-05-06
413,Lisa Sandoval,anthony01@example.com,Pune,2024-04-10
414,Shawn Logan,davidcastillo@example.net,Mumbai,2024-01-08
415,Todd Turner,dennisbeverly@example.net,Bangalore,2025-11-19
416,Phillip Warren,chughes@example.org,Jaipur,2023-05-05
417,David Hammond,markgonzalez@example.net,Lucknow,2024-02-14
418,Paul Mckay,qramirez@example.net,Ahmedabad,2023-06-27
419,Matthew Fields,hinestaylor@example.org,Bangalore,2023-10-12
420,Daisy Meyer,umoore@example.net,Bangalore,2025-08-02
421,Renee Bridges,gomeznicole@example.net,Bangalore,2023-11-27
422,Evelyn Young,brianna97@example.org,Chennai,2024-08-31
423,Stephanie Allen,chenjamie@example.com,Ahmedabad,2024-10-23
424,Mikayla Rivera,barbara07@example.net,Chennai,2025-02-01
425,Robert Harrell,ashley09@example.net,Chennai,2023-06-24
426,Matthew Brown,johnharrison@example.org,Chennai,2026-01-08
427,Michele Gonzales,francisco57@example.org,Chennai,2025-09-05
428,David Harvey,lamelizabeth@example.com,Mumbai,2025-06-27
429,John Barnes,tara41@example.net,Hyderabad,2024-12-31
430,Susan Williams,stephen21@example.net,Lucknow,2025-08-16
431,John Mccormick,bhinton@example.org,Kolkata,2023-12-26
432,Dawn Erickson,randyroberts@example.com,Bangalore,2025-10-24
433,Tina Bishop,petersonstacey@example.com,Jaipur,2025-06-17
434,Ricky Mcguire,ronaldgibbs@example.org,Lucknow,2024-05-06
435,Shelby Molina,ehernandez@example.net,Lucknow,2023-10-14
436,Stacey Blake,angelaturner@example.org,Kolkata,2025-07-02
437,Dylan Richmond,gutierrezcarolyn@example.com,Mumbai,2024-10-09
438,Stephanie Delgado,nicholas37@example.net,Lucknow,2024-04-16
439,Maurice Stevens,villegascarla@example.org,Delhi,2023-07-23
440,Kimberly Garcia,scottchristensen@example.net,Lucknow,2024-07-09
441,April Gallegos,jcole@example.org,Kolkata,2025-10-23
442,Mr. Ryan Bowers MD,pfowler@example.com,Bangalore,2023-05-20
443,Miranda Brooks,marksexton@example.org,Bangalore,2024-11-06
444,Rebekah White,timothy80@example.net,Ahmedabad,2025-07-08
445,Cole Richardson,yford@example.net,Lucknow,2023-03-25
446,Amy Martinez,alexa29@example.com,Jaipur,2024-01-09
447,Karina Williams,leah03@example.net,Chennai,2025-07-18
448,David Wright,meganmorris@example.com,Pune,2024-04-11
449,Monica Garcia,kbell@example.net,Kolkata,2023-03-27
450,Jason Cunningham,christopher87@example.org,Delhi,2024-07-20
451,Stacy Smith,kimberly46@example.org,Delhi,2025-08-17
452,Travis Greene,yjones@example.com,Jaipur,2024-08-19
453,Lisa Guzman,christinarose@example.com,Chennai,2024-04-07
454,Charles Miranda,zhorne@example.org,Kolkata,2024-05-22
455,Dylan Torres,vicki02@example.org,Mumbai,2025-06-18
456,Doris Hall,jessica74@example.org,Pune,2025-02-15
457,Benjamin Payne,qdavis@example.org,Mumbai,2026-01-18
458,Kyle Garza,wrightmeredith@example.org,Hyderabad,2024-06-14
459,Danielle Obrien,leejustin@example.net,Delhi,2026-02-01
460,Eric Hopkins,stevensteresa@example.org,Chennai,2026-02-08
461,Sierra Sims,ngutierrez@example.net,Ahmedabad,2025-01-10
462,Angela Jimenez,tkelley@example.com,Pune,2025-01-25
463,Christopher Parker,proctorreginald@example.com,Jaipur,2025-01-24
464,Kendra Barnett,john63@example.com,Bangalore,2024-11-26
465,Benjamin Poole,thomas47@example.net,Jaipur,2025-04-16
466,Anita Ellison,christopherarnold@example.net,Lucknow,2025-12-08
467,Brittany Williams,scottryan@example.org,Chennai,2024-09-06
468,Sandra Rhodes,hernandezbryan@example.org,Delhi,2023-07-16
469,Randy Harvey,andreabrown@example.org,Chennai,2024-07-26
470,Juan Newman,thomas37@example.com,Delhi,2025-12-19
471,Michael Khan,pchen@example.org,Mumbai,2023-07-26
472,Scott Bailey,arobertson@example.org,Kolkata,2024-01-24
473,Tiffany Herrera,lauren47@example.net,Ahmedabad,2023-09-23
474,Juan Hudson,russell20@example.net,Hyderabad,2025-11-17
475,Brian Rodriguez,shermanleah@example.net,Ahmedabad,2025-08-23
476,Pedro Cooper,deleonjacob@example.net,Jaipur,2025-01-06
477,Samantha Wolfe,jordanmiles@example.com,Pune,2025-07-01
478,Scott White,garciajennifer@example.net,Ahmedabad,2023-06-28
479,Jeffrey Alexander,thomas53@example.net,Mumbai,2025-09-19
480,Erica Dean,christian59@example.net,Bangalore,2023-05-17
481,Brianna Oliver,zhawkins@example.net,Kolkata,2025-01-06
482,Nancy Evans,ashleygoodwin@example.net,Mumbai,2024-07-12
483,Brent Erickson,crystal25@example.org,Hyderabad,2024-04-19
484,Timothy Greene,sheilaadams@example.org,Lucknow,2025-05-17
485,Tara Ross,dkim@example.org,Hyderabad,2026-01-27
486,Pamela Lane,jessicadunn@example.net,Delhi,2024-06-24
487,Debbie Turner,lgarcia@example.org,Jaipur,2025-02-25
488,David West PhD,elong@example.net,Bangalore,2024-05-20
489,John Erickson,ricecandace@example.com,Kolkata,2024-10-17
490,Jose Reyes,coxstacy@example.net,Hyderabad,2026-01-24
491,Steven Campbell,gonzalesrandy@example.org,Ahmedabad,2023-09-01
492,Candice Norman,judithcortez@example.com,Mumbai,2024-02-16
493,Veronica Hahn,nelsonandrea@example.net,Bangalore,2025-03-31
494,Mary Jennings,torrespeter@example.org,Delhi,2024-08-22
495,Tiffany Maldonado,rachaelclark@example.net,Delhi,2025-04-27
496,Dustin Sanders,peckgabriella@example.net,Delhi,2024-12-30
497,Christopher Dennis,susan11@example.com,Lucknow,2024-04-06
498,Whitney Mcdaniel,william64@example.com,Bangalore,2024-08-25
499,Nicholas Mercado,howard93@example.net,Hyderabad,2024-08-09
500,Erin Anderson,tlong@example.net,Jaipur,2024-09-02
